"","raw_alpha","std.alpha","G6(smc)","average_r","S/N","alpha se","var.r","med.r"
"Q7",0.528138862102218,0.548631979144901,0.611698696826736,0.168455300714539,1.21548703894782,0.0961720371948778,0.0403798168257285,0.149127466647726
"Q8",0.423224692423915,0.399950899214958,0.454440977808384,0.0999815883356433,0.666530286757707,0.115403581867214,0.0330163121091922,0.0786202607734617
"Q9-",0.461496350364963,0.446059816738743,0.50359283989806,0.118327641009731,0.805249068794069,0.10657941913644,0.0375403034801249,0.149127466647726
"Q10-",0.388421052631579,0.402781867231276,0.48717309361912,0.101046840425574,0.674430070239102,0.123764981465353,0.0399109980197011,0.0786202607734617
"Q11",0.466559559329814,0.47159368713583,0.532441717020691,0.129486436019884,0.892483067773369,0.10624195327462,0.0341713325827415,0.11602449153243
"Q12",0.52858261550509,0.538925506677172,0.58349626366749,0.163045318529328,1.16884693142163,0.0941752965480634,0.0343271576690325,0.153522062157279
"Q13",0.473515024458421,0.469429176891154,0.541162117252652,0.128510244877714,0.884762516982301,0.103203793466427,0.043391692163921,0.100831690330337
